id,name,coordinates,live_nodes,total_nodes
1,Kolkata,"22.5448131,88.3403691",17,20
2,Delhi,"28.6147836,77.197171",6,10
3,Mumbai,"19.076090,72.877426",15,20
4,Lucknow,"26.85,80.949997",12,15
5,Ranchi,"23.344315,85.296013",9,10
6,Chennai,"13.084622,80.248357",18,20
7,Bengaluru,"12.977063,77.587106",14,15
8,Hyderabad,"17.384052,78.456355",12,15
9,Pune,"18.513271,73.849852",9,10
10,Surat,"21.195944,72.830232",8,10
